{
    "accuracy": 0.30639374719712986,
    "loss": 2.1154603958129883
}