{
    "accuracy": 0.764142481901467,
    "loss": 1.8545354008674622
}