{
    "accuracy": 0.8266705106028573,
    "loss": 0.8465874791145325
}