{
    "accuracy": 0.764142481901467,
    "loss": 1.854537308216095
}